Date / Time,Temperature [C],DissolvedOxygen [mg/l],Turbidity [NTU],pH [Units],OxidationReductionPotential[mV ],SpecificConductivity [µs/cm]
2/25/2015 0:02,5.31,12.13,0,8.15,594,1406
2/25/2015 0:07,5.31,12.12,0,8.15,594,1405
2/25/2015 0:12,5.3,12.18,0,8.15,594,1403
2/25/2015 0:17,5.29,12.16,0,8.15,594,1403
2/25/2015 0:22,5.29,12.18,0,8.15,594,1403
2/25/2015 0:27,5.29,12.17,0,8.15,594,1402
2/25/2015 0:32,5.26,12.19,0,8.15,595,1401
2/25/2015 0:37,5.25,12.15,0,8.15,594,1396
2/25/2015 0:42,5.26,12.16,0,8.15,594,1388
2/25/2015 0:47,5.25,12.14,0,8.16,594,1384
2/25/2015 0:52,5.27,12.17,0,8.16,594,1384
2/25/2015 0:57,5.26,12.13,0,8.17,594,1385
2/25/2015 1:02,5.25,12.15,0,8.16,594,1386
2/25/2015 1:07,5.23,12.16,0,8.16,594,1388
2/25/2015 1:12,5.2,12.14,0,8.15,595,1389
2/25/2015 1:17,5.17,12.15,0,8.16,595,1388
2/25/2015 1:22,5.14,12.22,0,8.15,595,1388
2/25/2015 1:27,5.12,12.2,0,8.15,595,1388
2/25/2015 1:32,5.07,12.2,0,8.15,595,1387
2/25/2015 1:37,5.03,12.23,0,8.16,595,1386
2/25/2015 1:42,5.02,12.21,0,8.15,595,1385
2/25/2015 1:47,4.98,12.26,0,8.16,595,1384
2/25/2015 1:52,4.95,12.23,0,8.16,595,1383
2/25/2015 1:57,4.93,12.24,0,8.15,595,1383
2/25/2015 2:02,4.92,12.24,0,8.15,595,1381
2/25/2015 2:07,4.9,12.26,0,8.16,595,1381
2/25/2015 2:12,4.89,12.25,0,8.16,595,1375
2/25/2015 2:17,4.93,12.26,0,8.16,595,1369
2/25/2015 2:22,5,12.16,0,8.17,595,1361
2/25/2015 2:27,5.04,12.2,0,8.17,595,1355
2/25/2015 2:32,5.02,12.21,0,8.17,595,1356
2/25/2015 2:37,4.98,12.2,0,8.18,595,1359
2/25/2015 2:42,4.91,12.26,0,8.18,595,1364
2/25/2015 2:47,4.85,12.24,0,8.17,595,1367
2/25/2015 2:52,4.8,12.32,0,8.16,595,1369
2/25/2015 2:57,4.76,12.35,0,8.16,596,1370
2/25/2015 3:02,4.72,12.33,0,8.16,596,1370
2/25/2015 3:07,4.69,12.32,0,8.16,596,1370
2/25/2015 3:12,4.67,12.31,0,8.16,596,1369
2/25/2015 3:17,4.62,12.33,0,8.17,596,1368
2/25/2015 3:22,4.59,12.39,0,8.12,596,1368
2/25/2015 3:27,4.57,12.35,0,8.17,596,1367
2/25/2015 3:32,4.55,12.43,0,8.17,596,1366
2/25/2015 3:37,4.55,12.4,0,8.16,596,1364
2/25/2015 3:42,4.51,12.41,0,8.16,597,1364
2/25/2015 3:47,4.51,12.42,0,8.17,597,1362
2/25/2015 3:52,4.51,12.37,0,8.16,597,1362
2/25/2015 3:57,4.51,12.43,0,8.16,597,1362
2/25/2015 4:02,4.48,12.41,0,8.16,597,1361
2/25/2015 4:07,4.49,12.43,0,8.16,597,1360
2/25/2015 4:12,4.48,12.43,0,8.18,597,1360
2/25/2015 4:17,4.48,12.44,0,8.17,597,1357
2/25/2015 4:22,4.47,12.48,0,8.16,597,1358
2/25/2015 4:27,4.44,12.45,0,8.16,597,1357
2/25/2015 4:32,4.43,12.44,0,8.16,597,1356
2/25/2015 4:37,4.41,12.48,0,8.16,597,1356
2/25/2015 4:42,4.41,12.48,0,8.16,597,1354
2/25/2015 4:47,4.39,12.49,0,8.16,597,1353
2/25/2015 4:52,4.4,12.5,0,8.16,597,1352
2/25/2015 4:57,4.4,12.5,0,8.17,597,1351
2/25/2015 5:02,4.39,12.46,0,8.17,598,1349
2/25/2015 5:07,4.39,12.51,0,8.17,598,1344
2/25/2015 5:12,4.43,12.46,0,8.18,597,1336
2/25/2015 5:17,4.52,12.43,0,8.18,597,1327
2/25/2015 5:22,4.6,12.4,0,8.18,597,1322
2/25/2015 5:27,4.68,12.38,0,8.19,597,1316
2/25/2015 5:32,4.74,12.35,0,8.2,596,1312
2/25/2015 5:37,4.8,12.34,0,8.2,596,1311
2/25/2015 5:42,4.8,12.37,0,8.2,596,1314
2/25/2015 5:47,4.71,12.38,0,8.2,596,1321
2/25/2015 5:52,4.67,12.37,0,8.19,597,1327
2/25/2015 5:57,4.6,12.45,0,8.19,597,1331
2/25/2015 6:02,4.56,12.47,0,8.18,597,1333
2/25/2015 6:07,4.54,12.48,0,8.18,597,1334
2/25/2015 6:12,4.51,12.47,0,8.18,598,1335
2/25/2015 6:17,4.49,12.45,0,8.18,598,1335
2/25/2015 6:22,4.47,12.49,0,8.17,598,1335
2/25/2015 6:27,4.45,12.48,0,8.16,598,1334
2/25/2015 6:32,4.44,12.52,0,8.18,598,1333
2/25/2015 6:37,4.44,12.55,0,8.17,598,1333
2/25/2015 6:42,4.45,12.51,0,8.18,598,1331
2/25/2015 6:47,4.47,12.52,0,8.18,598,1330
2/25/2015 6:52,4.45,12.53,0,8.17,598,1331
2/25/2015 6:57,4.45,12.52,0,8.18,599,1330
2/25/2015 7:02,4.43,12.5,0,8.17,599,1329
2/25/2015 7:07,4.41,12.54,0,8.17,599,1329
2/25/2015 7:12,4.38,12.55,0,8.17,599,1329
2/25/2015 7:17,4.38,12.55,0,8.17,599,1327
2/25/2015 7:22,4.36,12.57,0,8.18,599,1327
2/25/2015 7:27,4.34,12.56,0,8.18,599,1326
2/25/2015 7:32,4.34,12.57,0,8.19,599,1326
2/25/2015 7:37,4.31,12.61,0,8.18,599,1325
2/25/2015 7:42,4.31,12.62,0,8.18,599,1325
2/25/2015 7:47,4.3,12.61,0,8.18,599,1324
2/25/2015 7:52,4.31,12.65,0,8.18,599,1323
2/25/2015 7:57,4.29,12.61,0,8.18,599,1321
2/25/2015 8:02,4.3,12.64,0,8.18,599,1320
2/25/2015 8:07,4.31,12.63,0,8.18,599,1320
2/25/2015 8:12,4.32,12.64,0,8.18,599,1317
2/25/2015 8:17,4.33,12.63,0,8.18,599,1316
2/25/2015 8:22,4.33,12.62,0,8.18,599,1317
2/25/2015 8:27,4.35,12.62,0,8.19,599,1320
2/25/2015 8:32,4.36,12.66,0,8.18,599,1323
2/25/2015 8:37,4.37,12.66,0,8.19,599,1325
2/25/2015 8:42,4.36,12.64,0,8.19,599,1326
2/25/2015 8:47,4.35,12.66,0,8.18,599,1325
2/25/2015 8:52,4.36,12.65,0,8.12,599,1325
2/25/2015 8:57,4.37,12.65,0,8.19,599,1325
2/25/2015 9:02,4.38,12.65,0,8.19,599,1323
2/25/2015 9:07,4.39,12.64,0,8.19,599,1323
2/25/2015 9:12,4.41,12.63,0,8.19,599,1322
2/25/2015 9:17,4.45,12.65,0,8.15,599,1318
2/25/2015 9:22,4.52,12.61,0,8.2,598,1314
2/25/2015 9:27,4.61,12.63,0,8.21,598,1313
2/25/2015 9:32,4.64,12.58,0,8.22,597,1316
2/25/2015 9:37,4.64,12.59,0,8.21,597,1319
2/25/2015 9:42,4.63,12.66,0,8.22,597,1324
2/25/2015 9:47,4.64,12.67,0,8.22,597,1328
2/25/2015 9:52,4.65,12.66,0,8.21,597,1329
2/25/2015 9:57,4.67,12.69,0,8.22,597,1331
2/25/2015 10:02,4.66,12.68,0,8.21,597,1331
2/25/2015 10:07,4.68,12.7,0,8.22,597,1332
2/25/2015 10:12,4.71,12.71,0,8.21,597,1331
2/25/2015 10:17,4.73,12.73,0,8.21,597,1331
2/25/2015 10:22,4.74,12.76,0,8.21,597,1331
2/25/2015 10:27,4.76,12.76,0,8.22,597,1329
2/25/2015 10:32,4.78,12.76,0,8.17,597,1327
2/25/2015 10:37,4.81,12.79,0,8.21,597,1324
2/25/2015 10:42,4.83,12.76,0,8.21,597,1321
2/25/2015 10:47,4.84,12.79,0,8.22,596,1320
2/25/2015 10:52,4.86,12.81,0,8.22,596,1319
2/25/2015 10:57,4.88,12.79,0,8.22,596,1320
2/25/2015 11:02,4.91,12.78,0,8.22,596,1321
2/25/2015 11:07,4.95,12.77,0,8.23,596,1321
2/25/2015 11:12,5.01,12.78,0,8.23,596,1319
2/25/2015 11:17,5.03,12.74,0,8.23,596,1318
2/25/2015 11:22,5.06,12.75,0,8.24,595,1329
2/25/2015 11:27,5.09,12.73,0.2,8.24,595,1332
2/25/2015 11:32,5.13,12.74,0.7,8.25,595,1345
2/25/2015 11:37,5.16,12.73,0.5,8.24,595,1365
2/25/2015 11:42,5.21,12.72,0.9,8.24,595,1403
2/25/2015 11:47,5.23,12.69,1.8,8.24,595,1446
2/25/2015 11:52,5.28,12.68,2,8.24,594,1510
2/25/2015 11:57,5.32,12.69,1.8,8.24,594,1590
2/25/2015 12:02,5.36,12.65,2,8.24,594,1640
2/25/2015 12:07,5.4,12.66,2.4,8.23,594,1700
2/25/2015 12:12,5.46,12.64,4,8.23,594,1740
2/25/2015 12:17,5.52,12.61,5.5,8.2,594,1750
2/25/2015 12:22,5.54,12.63,6.4,8.23,594,1760
2/25/2015 12:27,5.58,12.6,7.2,8.24,593,1760
2/25/2015 12:32,5.65,12.54,8.5,8.24,593,1770
2/25/2015 12:37,5.68,12.57,9.5,8.23,593,1750
2/25/2015 12:42,5.71,12.56,10.2,8.23,593,1730
2/25/2015 12:47,5.77,12.54,10.4,8.24,592,1710
2/25/2015 12:52,5.81,12.55,10.6,8.24,592,1670
2/25/2015 12:57,5.86,12.54,10.4,8.24,592,1650
2/25/2015 13:02,5.88,12.56,11.4,8.24,592,1640
2/25/2015 13:07,5.94,12.48,11.1,8.24,592,1620
2/25/2015 13:12,5.99,12.5,11,8.24,591,1610
2/25/2015 13:17,6.03,12.49,10.1,8.24,591,1600
2/25/2015 13:22,6.09,12.47,9.5,8.23,591,1590
2/25/2015 13:27,6.15,12.47,8.5,8.24,590,1570
2/25/2015 13:32,6.2,12.48,8.4,8.24,590,1570
2/25/2015 13:37,6.26,12.45,8.6,8.23,590,1550
2/25/2015 13:42,6.3,12.47,8.5,8.24,590,1540
2/25/2015 13:47,6.34,12.46,8.7,8.24,589,1540
2/25/2015 13:52,6.38,12.46,8.7,8.24,589,1530
2/25/2015 13:57,6.4,12.45,10.2,8.24,589,1530
2/25/2015 14:02,6.43,12.4,11.2,8.24,589,1540
2/25/2015 14:07,6.46,12.43,13.4,8.23,589,1530
2/25/2015 14:12,6.48,12.41,14.9,8.23,589,1540
2/25/2015 14:17,6.49,12.37,17.1,8.22,588,1540
2/25/2015 14:22,6.53,12.41,18.6,8.22,588,1540
2/25/2015 14:27,6.56,12.35,20.9,8.21,588,1550
2/25/2015 14:32,6.56,12.36,21.6,8.21,588,1550
2/25/2015 14:37,6.57,12.35,22.7,8.2,589,1540
2/25/2015 14:42,6.58,12.29,23.6,8.2,588,1550
2/25/2015 14:47,6.59,12.35,21.5,8.2,588,1550
2/25/2015 14:52,6.61,12.31,21.3,8.2,589,1560
2/25/2015 14:57,6.63,12.32,20.6,8.19,588,1560
2/25/2015 15:02,6.66,12.32,18.7,8.2,588,1560
2/25/2015 15:07,6.7,12.29,18.3,8.2,588,1550
2/25/2015 15:12,6.73,12.33,16.5,8.2,588,1550
2/25/2015 15:17,6.74,12.29,15.4,8.2,588,1540
2/25/2015 15:22,6.72,12.31,14.8,8.21,588,1540
2/25/2015 15:27,6.72,12.31,14.7,8.2,587,1540
2/25/2015 15:32,6.72,12.32,13,8.21,587,1530
2/25/2015 15:37,6.72,12.29,12.5,8.2,587,1530
2/25/2015 15:42,6.71,12.24,12.5,8.2,587,1510
2/25/2015 15:47,6.7,12.26,12,8.2,587,1500
2/25/2015 15:52,6.68,12.27,11.2,8.21,587,1490
2/25/2015 15:57,6.68,12.23,10.8,8.2,587,1480
2/25/2015 16:02,6.69,12.24,10.5,8.21,587,1470
2/25/2015 16:07,6.69,12.27,10.3,8.2,587,1470
2/25/2015 16:12,6.69,12.29,9.8,8.2,587,1470
2/25/2015 16:17,6.7,12.24,9.7,8.2,587,1460
2/25/2015 16:22,6.68,12.25,9.2,8.19,587,1460
2/25/2015 16:27,6.68,12.2,8.7,8.19,587,1460
2/25/2015 16:32,6.67,12.18,9.5,8.19,587,1450
2/25/2015 16:37,6.66,12.17,8.9,8.19,587,1437
2/25/2015 16:42,6.65,12.19,8.6,8.19,588,1435
2/25/2015 16:47,6.64,12.14,8.9,8.18,588,1435
2/25/2015 16:52,6.64,12.13,8.4,8.18,588,1434
2/25/2015 16:57,6.63,12.08,8.5,8.17,588,1435
2/25/2015 17:02,6.63,12.11,8.4,8.18,588,1435
2/25/2015 17:07,6.65,12.06,8,8.16,589,1436
2/25/2015 17:12,6.66,12.08,7.9,8.16,589,1436
2/25/2015 17:17,6.66,12.01,7.5,8.15,589,1437
2/25/2015 17:22,6.64,12.04,7.3,8.15,589,1438
2/25/2015 17:27,6.64,12.01,7.6,8.15,590,1439
2/25/2015 17:32,6.62,11.98,7,8.14,590,1439
2/25/2015 17:37,6.62,11.99,6.5,8.15,590,1440
2/25/2015 17:42,6.61,11.94,6.2,8.14,590,1441
2/25/2015 17:47,6.6,11.93,6.4,8.15,591,1440
2/25/2015 17:52,6.6,11.91,6.1,8.13,591,1439
2/25/2015 17:57,6.59,11.86,5.9,8.13,591,1436
2/25/2015 18:02,6.58,11.89,5.7,8.12,591,1434
2/25/2015 18:07,6.57,11.85,5.6,8.12,592,1424
2/25/2015 18:12,6.57,11.81,6.3,8.12,592,1408
2/25/2015 18:17,6.6,11.81,6.9,8.13,591,1392
2/25/2015 18:22,6.69,11.74,6.6,8.15,591,1380
2/25/2015 18:27,6.73,11.66,6.1,8.15,591,1378
2/25/2015 18:32,6.75,11.64,5.2,8.15,591,1384
2/25/2015 18:37,6.72,11.67,4.8,8.13,591,1391
2/25/2015 18:42,6.69,11.63,4.8,8.12,592,1395
2/25/2015 18:47,6.66,11.7,4.8,8.11,592,1398
2/25/2015 18:52,6.64,11.66,4.7,8.1,593,1398
2/25/2015 18:57,6.61,11.65,4.5,8.1,593,1397
2/25/2015 19:02,6.59,11.63,4.1,8.09,594,1394
2/25/2015 19:07,6.57,11.65,4.3,8.1,594,1392
2/25/2015 19:12,6.54,11.64,4.1,8.09,594,1388
2/25/2015 19:17,6.52,11.65,4.1,8.09,594,1385
2/25/2015 19:22,6.52,11.6,4,8.09,595,1380
2/25/2015 19:27,6.53,11.63,3.9,8.08,595,1377
2/25/2015 19:32,6.53,11.6,3.7,8.08,595,1373
2/25/2015 19:37,6.53,11.63,3.7,8.08,595,1371
2/25/2015 19:42,6.53,11.6,3.4,8.08,595,1367
2/25/2015 19:47,6.52,11.6,3.3,8.07,596,1364
2/25/2015 19:52,6.51,11.62,3.3,8.07,596,1361
2/25/2015 19:57,6.52,11.57,3.2,8.07,596,1358
2/25/2015 20:02,6.5,11.59,3.6,8.07,596,1355
2/25/2015 20:07,6.49,11.58,3.4,8.07,596,1352
2/25/2015 20:12,6.48,11.62,3.9,8.07,596,1351
2/25/2015 20:17,6.48,11.57,3.7,8.07,596,1348
2/25/2015 20:22,6.46,11.58,3.4,8.07,597,1346
2/25/2015 20:27,6.45,11.59,3.3,8.07,597,1344
2/25/2015 20:32,6.45,11.57,3.2,8.07,597,1343
2/25/2015 20:37,6.44,11.55,2.9,8.04,597,1339
2/25/2015 20:42,6.43,11.59,3.2,8.08,597,1336
2/25/2015 20:47,6.44,11.59,2.9,8.07,597,1330
2/25/2015 20:52,6.45,11.58,2.9,8.08,597,1316
2/25/2015 20:57,6.48,11.59,2.6,8.09,597,1308
2/25/2015 21:02,6.53,11.53,2.8,8.1,597,1300
2/25/2015 21:07,6.58,11.54,2.3,8.1,596,1295
2/25/2015 21:12,6.59,11.53,2.7,8.1,596,1295
2/25/2015 21:17,6.56,11.58,2.4,8.1,596,1299
2/25/2015 21:22,6.53,11.56,2.4,8.09,596,1305
2/25/2015 21:27,6.5,11.58,2.9,8.09,597,1309
2/25/2015 21:32,6.48,11.6,2.3,8.03,597,1311
2/25/2015 21:37,6.46,11.62,2.3,8.09,597,1312
2/25/2015 21:42,6.46,11.64,2.7,8.09,597,1310
2/25/2015 21:47,6.46,11.65,1.8,8.08,597,1310
2/25/2015 21:52,6.46,11.66,1.6,8.08,598,1307
2/25/2015 21:57,6.46,11.66,1.7,8.09,598,1307
2/25/2015 22:02,6.46,11.63,1.9,8.08,598,1305
2/25/2015 22:07,6.45,11.64,2,8.08,598,1303
2/25/2015 22:12,6.43,11.61,1.8,8.09,598,1301
2/25/2015 22:17,6.43,11.64,2.2,8.09,598,1299
2/25/2015 22:22,6.42,11.65,2.6,8.08,598,1297
2/25/2015 22:27,6.41,11.66,2.6,8.08,598,1296
2/25/2015 22:32,6.41,11.65,3.2,8.08,598,1295
2/25/2015 22:37,6.38,11.69,3.2,8.09,598,1293
2/25/2015 22:42,6.37,11.65,2.5,8.09,598,1292
2/25/2015 22:47,6.39,11.65,2,8.09,598,1291
2/25/2015 22:52,6.4,11.66,2.7,8.09,598,1289
2/25/2015 22:57,6.39,11.65,3.1,8.09,598,1288
2/25/2015 23:02,6.39,11.67,3.6,8.09,598,1287
2/25/2015 23:07,6.38,11.68,3.6,8.09,598,1286
2/25/2015 23:12,6.37,11.7,3.3,8.1,598,1284
2/25/2015 23:17,6.37,11.68,3.4,8.09,598,1281
2/25/2015 23:22,6.35,11.69,3.3,8.09,598,1280
2/25/2015 23:27,6.36,11.68,3.2,8.1,598,1284
2/25/2015 23:32,6.38,11.67,3.5,8.1,598,1323
2/25/2015 23:37,6.41,11.67,3.4,8.11,598,1341
2/25/2015 23:42,6.41,11.66,3.6,8.11,597,1335
2/25/2015 23:47,6.41,11.67,4.7,8.11,597,1325
2/25/2015 23:52,6.38,11.66,4.2,8.12,597,1313
2/25/2015 23:57,6.37,11.7,4,8.11,597,1303
2/26/2015 0:02,6.35,11.69,3.3,8.12,597,1289
2/26/2015 0:07,6.34,11.72,2.9,8.11,598,1283
2/26/2015 0:12,6.33,11.75,2.8,8.11,598,1277
2/26/2015 0:17,6.31,11.71,2.6,8.11,598,1274
2/26/2015 0:22,6.3,11.7,2.2,8.11,598,1271
2/26/2015 0:27,6.28,11.75,2.7,8.11,598,1269
2/26/2015 0:32,6.25,11.75,3.1,8.11,598,1268
2/26/2015 0:37,6.24,11.71,3,8.1,598,1265
2/26/2015 0:42,6.2,11.75,3,8.1,598,1264
2/26/2015 0:47,6.19,11.76,2.8,8.11,598,1264
2/26/2015 0:52,6.19,11.76,2.4,8.12,598,1261
2/26/2015 0:57,6.19,11.75,2,8.12,598,1260
2/26/2015 1:02,6.13,11.76,1.3,8.11,598,1258
2/26/2015 1:07,6.12,11.78,1.2,8.12,598,1257
2/26/2015 1:12,6.12,11.79,1.3,8.12,598,1256
2/26/2015 1:17,6.13,11.79,1.2,8.12,598,1255
2/26/2015 1:22,6.11,11.79,0.6,8.13,598,1254
2/26/2015 1:27,6.03,11.81,0.4,8.13,598,1259
2/26/2015 1:32,6.01,11.81,0.1,8.12,598,1259
2/26/2015 1:37,5.99,11.82,0.8,8.12,598,1259
2/26/2015 1:42,5.93,11.84,16.2,8.12,598,1284
2/26/2015 1:47,5.92,11.85,0.7,8.13,598,1399
2/26/2015 1:52,5.93,11.8,0.7,8.13,597,1449
2/26/2015 1:57,5.94,11.81,0.7,8.14,597,1441
2/26/2015 2:02,5.91,11.84,0.1,8.14,597,1415
2/26/2015 2:07,5.89,11.87,0,8.15,597,1376
2/26/2015 2:12,5.88,11.88,0,8.15,597,1326
2/26/2015 2:17,5.86,11.92,0,8.14,597,1293
2/26/2015 2:22,5.85,11.91,0,8.13,598,1272
2/26/2015 2:27,5.81,11.95,0,8.13,598,1261
2/26/2015 2:32,5.79,11.95,0,8.13,598,1251
2/26/2015 2:37,5.75,11.95,0,8.14,598,1246
2/26/2015 2:42,5.73,11.96,0,8.14,598,1242
2/26/2015 2:47,5.69,11.99,0,8.13,598,1240
2/26/2015 2:52,5.67,11.98,0,8.13,598,1239
2/26/2015 2:57,5.66,12.02,0,8.13,598,1239
2/26/2015 3:02,5.66,12.03,0,8.14,598,1239
2/26/2015 3:07,5.64,12.03,0,8.14,598,1239
2/26/2015 3:12,5.57,12.01,0,8.13,598,1240
2/26/2015 3:17,5.62,12.03,0,8.13,598,1248
2/26/2015 3:22,5.66,11.98,0,8.13,598,1311
2/26/2015 3:27,5.68,11.94,0,8.15,598,1332
2/26/2015 3:32,5.69,11.99,0,8.15,598,1324
2/26/2015 3:37,5.7,11.99,0,8.15,598,1311
2/26/2015 3:42,5.69,12,0,8.15,598,1292
2/26/2015 3:47,5.67,12,0,8.14,598,1273
2/26/2015 3:52,5.65,12.05,0,8.15,598,1260
2/26/2015 3:57,5.64,12.02,0.5,8.14,598,1247
2/26/2015 4:02,5.63,12.01,0.4,8.15,598,1240
2/26/2015 4:07,5.62,12.04,0.3,8.15,598,1236
2/26/2015 4:12,5.61,12.05,0,8.15,599,1233
2/26/2015 4:17,5.59,12.05,0,8.14,599,1232
2/26/2015 4:22,5.58,12.04,0,8.14,598,1231
2/26/2015 4:27,5.58,12.05,0,8.14,599,1231
2/26/2015 4:32,5.58,12.01,0,8.15,599,1231
2/26/2015 4:37,5.59,12.09,0,8.15,599,1232
2/26/2015 4:42,5.58,12.05,0,8.14,599,1231
2/26/2015 4:47,5.58,12.05,0,8.15,599,1231
2/26/2015 4:52,5.55,12.09,0,8.14,599,1233
2/26/2015 4:57,5.54,12.06,0,8.15,599,1249
2/26/2015 5:02,5.55,12.05,1.1,8.14,599,1277
2/26/2015 5:07,5.54,12.07,1.7,8.15,599,1286
2/26/2015 5:12,5.55,12.06,1.6,8.15,599,1289
2/26/2015 5:17,5.54,12.07,1.5,8.15,599,1293
2/26/2015 5:22,5.55,12.07,2.1,8.15,599,1294
2/26/2015 5:27,5.53,12.05,1,8.14,599,1295
2/26/2015 5:32,5.53,12.06,0.5,8.14,599,1297
2/26/2015 5:37,5.53,12.08,1,8.14,599,1301
2/26/2015 5:42,5.53,12.04,1.5,8.14,599,1304
2/26/2015 5:47,5.53,12.05,1.8,8.14,599,1308
2/26/2015 5:52,5.53,12.08,2.1,8.14,599,1311
2/26/2015 5:57,5.51,12.1,2.6,8.14,599,1313
2/26/2015 6:02,5.5,12.11,2.2,8.14,599,1315
2/26/2015 6:07,5.51,12.1,1.9,8.14,599,1316
2/26/2015 6:12,5.53,12.07,0.9,8.14,599,1316
2/26/2015 6:17,5.52,12.04,0.5,8.14,599,1316
2/26/2015 6:22,5.52,12.07,0,8.14,600,1315
2/26/2015 6:27,5.53,12.05,0,8.14,600,1312
2/26/2015 6:32,5.53,12.12,0,8.14,600,1309
2/26/2015 6:37,5.53,12.09,0,8.14,600,1306
2/26/2015 6:42,5.53,12.06,0,8.14,599,1302
2/26/2015 6:47,5.53,12.06,0,8.14,600,1297
2/26/2015 6:52,5.54,12.07,0,8.14,600,1296
2/26/2015 6:57,5.55,12.09,0,8.15,600,1327
2/26/2015 7:02,5.58,12.04,0,8.15,599,1415
2/26/2015 7:07,5.65,12.03,0,8.17,599,1437
2/26/2015 7:12,5.74,11.96,0,8.19,598,1416
2/26/2015 7:17,5.83,11.96,0,8.19,598,1380
2/26/2015 7:22,5.84,11.99,0,8.19,598,1347
2/26/2015 7:27,5.84,12.02,0,8.18,598,1318
2/26/2015 7:32,5.81,11.99,0,8.17,598,1295
2/26/2015 7:37,5.78,12.05,0,8.14,598,1277
2/26/2015 7:42,5.76,12.05,0,8.17,599,1265
2/26/2015 7:47,5.74,12.07,0,8.16,599,1258
2/26/2015 7:52,5.74,12.09,0,8.16,599,1252
2/26/2015 7:57,5.73,12.11,0,8.17,599,1250
2/26/2015 8:02,5.74,12.1,0,8.15,599,1248
2/26/2015 8:07,5.73,12.11,0,8.15,599,1245
2/26/2015 8:12,5.71,12.16,0,8.16,599,1243
2/26/2015 8:17,5.7,12.13,0,8.16,599,1241
2/26/2015 8:22,5.7,12.18,0,8.16,599,1240
2/26/2015 8:27,5.69,12.14,0,8.16,599,1245
2/26/2015 8:32,5.69,12.19,0,8.16,599,1279
2/26/2015 8:37,5.72,12.19,0,8.16,599,1306
2/26/2015 8:42,5.74,12.19,0,8.16,599,1311
2/26/2015 8:47,5.77,12.21,0,8.17,599,1302
2/26/2015 8:52,5.78,12.26,0,8.17,599,1290
2/26/2015 8:57,5.81,12.25,0,8.17,599,1281
2/26/2015 9:02,5.83,12.25,0,8.16,599,1274
2/26/2015 9:07,5.83,12.3,0,8.17,598,1270
2/26/2015 9:12,5.83,12.28,0,8.18,598,1270
2/26/2015 9:17,5.84,12.25,0,8.18,598,1269
2/26/2015 9:22,5.84,12.31,0,8.18,598,1269
2/26/2015 9:27,5.85,12.3,0,8.17,598,1269
2/26/2015 9:32,5.85,12.32,0,8.18,598,1272
2/26/2015 9:37,5.86,12.34,1.3,8.19,598,1332
2/26/2015 9:42,5.86,12.33,6,8.18,598,1398
2/26/2015 9:47,5.82,12.34,50.2,8.18,598,1570
2/26/2015 9:52,5.7,12.26,173.5,8.17,598,1870
2/26/2015 9:57,5.62,12.25,228.4,8.15,598,2050
2/26/2015 10:02,5.56,12.27,222.2,8.14,598,2200
2/26/2015 10:07,5.55,12.29,212.1,8.13,598,2310
2/26/2015 10:12,5.55,12.28,196.5,8.13,597,2380
2/26/2015 10:17,5.55,12.3,185.4,8.14,597,2490
2/26/2015 10:22,5.55,12.32,148.3,8.14,597,2600
2/26/2015 10:27,5.56,12.34,121.9,8.14,596,2780
2/26/2015 10:32,5.58,12.3,98.8,8.13,596,3040
2/26/2015 10:37,5.62,12.31,90.4,8.14,595,3220
2/26/2015 10:42,5.64,12.35,90.1,8.14,595,3310
2/26/2015 10:47,5.67,12.38,82.9,8.15,594,3300
2/26/2015 10:52,5.69,12.33,78.8,8.15,594,3290
2/26/2015 10:57,5.74,12.34,80.1,8.15,593,3320
2/26/2015 11:02,5.76,12.32,74.9,8.15,593,3370
2/26/2015 11:07,5.79,12.31,66.8,8.14,593,3420
2/26/2015 11:12,5.81,12.33,58.6,8.14,592,3450
2/26/2015 11:17,5.83,12.29,52,8.14,592,3520
2/26/2015 11:22,5.85,12.3,50.8,8.15,591,3700
2/26/2015 11:27,5.89,12.26,51.3,8.15,591,3860
2/26/2015 11:32,5.96,12.25,49.4,8.16,590,3990
2/26/2015 11:37,5.99,12.22,45.3,8.16,589,4140
2/26/2015 11:42,6.01,12.22,42.2,8.15,589,4360
2/26/2015 11:47,6.03,12.2,40.1,8.14,590,4590
2/26/2015 11:52,6.05,12.19,39.3,8.11,590,4880
2/26/2015 11:57,6.06,12.14,37.2,8.1,590,5180
2/26/2015 12:02,6.06,12.1,37.2,8.09,591,5470
2/26/2015 12:07,6.09,12.09,38.5,8.08,591,5690
2/26/2015 12:12,6.1,12.1,41,8.07,591,5900
2/26/2015 12:17,6.12,12.11,42.2,8.07,591,6060
2/26/2015 12:22,6.13,12.09,42.8,8.06,591,6220
2/26/2015 12:27,6.16,12.09,43.2,8.06,590,6310
2/26/2015 12:32,6.2,12.07,43.3,8.06,590,6370
2/26/2015 12:37,6.2,12.11,43.2,8.06,589,6430
2/26/2015 12:42,6.21,12.09,42.5,8.06,589,6420
2/26/2015 12:47,6.21,12.07,40.7,8.06,588,6390
2/26/2015 12:52,6.22,12.11,37.2,8.07,588,6350
2/26/2015 12:57,6.24,12.11,33.6,8.07,587,6310
2/26/2015 13:02,6.29,12.1,32.6,8.07,587,6310
2/26/2015 13:07,6.31,12.1,34.6,8.02,586,6320
2/26/2015 13:12,6.29,12.11,37.6,8.07,586,6340
2/26/2015 13:17,6.33,12.1,40.8,8.07,586,6350
2/26/2015 13:22,6.33,12.07,46.4,8.06,585,6360
2/26/2015 13:27,6.33,12.1,54.1,8.06,585,6360
2/26/2015 13:32,6.29,12.08,67.8,8.03,584,6300
2/26/2015 13:37,6.23,12.1,72.4,8.06,583,6250
2/26/2015 13:42,6.23,12.11,72.4,8.06,583,6210
2/26/2015 13:47,6.27,12.12,73.1,8.05,582,6220
2/26/2015 13:52,6.32,12.11,71.2,8.05,582,6260
2/26/2015 13:57,6.37,12.11,68.5,8.05,581,6290
2/26/2015 14:02,6.4,12.09,67.4,8.05,581,6310
2/26/2015 14:07,6.46,12.08,65.3,8.04,580,6320
2/26/2015 14:12,6.42,12.12,66.7,8.04,580,6350
2/26/2015 14:17,6.43,12.11,66.8,8.04,579,6320
2/26/2015 14:22,6.45,12.07,64.7,8.04,579,6260
2/26/2015 14:27,6.48,12.09,68.8,8.04,578,6180
2/26/2015 14:32,6.53,12.1,69.9,8.04,577,6070
2/26/2015 14:37,6.58,12.07,69.1,8.05,577,5970
2/26/2015 14:42,6.61,12.07,66.1,8.05,576,5870
2/26/2015 14:47,6.61,12.08,64.6,8.05,576,5820
2/26/2015 14:52,6.61,12.06,127.2,8.06,575,5770
2/26/2015 14:57,6.6,12.07,60,8.08,574,5730
2/26/2015 15:02,6.6,12.08,57.8,8.09,573,5670
2/26/2015 15:07,6.61,12.08,54,8.08,573,5600
2/26/2015 15:12,6.61,12.08,49.6,8.07,573,5540
2/26/2015 15:17,6.65,12.05,44.1,8.07,572,5450
2/26/2015 15:22,6.67,12.03,40.7,8.07,572,5370
2/26/2015 15:27,6.65,11.98,35.5,8.02,572,5310
2/26/2015 15:32,6.61,12.02,34.6,8.06,572,5260
2/26/2015 16:22,6.59,11.83,20.6,8.07,569,4780
2/26/2015 16:27,6.59,11.8,21.9,8.11,568,4670
2/26/2015 16:32,6.65,11.79,21.6,8.12,567,4530
2/26/2015 16:37,6.72,11.71,20.9,8.11,566,4420
2/26/2015 16:42,6.79,11.67,19.8,8.11,566,4330
2/26/2015 16:47,6.8,11.64,17.1,8.1,566,4310
2/26/2015 16:52,6.76,11.68,17,8.08,567,4340
2/26/2015 16:57,6.7,11.66,16.9,8.06,568,4370
2/26/2015 17:02,6.66,11.68,16.9,8.04,568,4370
2/26/2015 17:07,6.62,11.7,16.9,8.03,569,4360
2/26/2015 17:12,6.59,11.61,17.3,8.03,569,4330
2/26/2015 17:17,6.57,11.64,17,8.02,569,4300
2/26/2015 17:22,6.56,11.62,15.9,8.02,569,4280
2/26/2015 17:27,6.56,11.61,14.9,8.01,570,4270
2/26/2015 17:32,6.54,11.61,14.1,8.01,570,4250
2/26/2015 17:37,6.53,11.58,13.3,8.01,570,4240
2/26/2015 17:42,6.51,11.62,12.5,8.01,570,4230
2/26/2015 17:47,6.5,11.61,11.4,7.96,570,4240
2/26/2015 17:52,6.49,11.58,11,8,570,4230
2/26/2015 17:57,6.47,11.59,11,8,571,4230
2/26/2015 18:02,6.48,11.56,10.8,8,571,4240
2/26/2015 18:07,6.48,11.53,10.2,7.93,571,4240
2/26/2015 18:12,6.48,11.51,9.7,7.99,571,4240
2/26/2015 18:17,6.47,11.53,9.2,7.99,571,4250
2/26/2015 18:22,6.48,11.48,8.7,7.98,571,4250
2/26/2015 18:27,6.47,11.46,8.8,7.98,571,4250
2/26/2015 18:32,6.48,11.44,9.1,7.98,571,4250
2/26/2015 18:37,6.54,11.41,8.7,7.98,571,4180
2/26/2015 18:42,7.05,11.11,8.1,7.97,571,3870
2/26/2015 18:47,7.5,11.02,7.3,7.97,571,3710
2/26/2015 18:52,7.87,10.96,8.4,7.98,571,3650
2/26/2015 18:57,7.97,11,10.1,7.99,570,3630
2/26/2015 19:02,7.98,11.04,9.1,7.99,570,3650
2/26/2015 19:07,7.91,11.06,7.6,7.99,570,3670
2/26/2015 19:12,7.73,11.14,6.8,7.99,571,3730
2/26/2015 19:17,7.51,11.17,6.4,7.98,571,3790
2/26/2015 19:22,7.26,11.23,6.1,7.98,571,3860
2/26/2015 19:27,7.01,11.31,5.9,7.98,571,3930
2/26/2015 19:32,6.82,11.33,5.9,7.97,571,3940
2/26/2015 19:37,6.71,11.32,5.7,7.97,572,3940
2/26/2015 19:42,6.61,11.35,5.4,7.98,572,3920
2/26/2015 19:47,6.56,11.38,4.7,7.98,572,3890
2/26/2015 19:52,6.52,11.4,4.6,7.98,572,3850
2/26/2015 19:57,6.5,11.41,4.4,7.93,572,3820
2/26/2015 20:02,6.49,11.37,4.3,7.98,572,3770
2/26/2015 20:07,6.47,11.41,4,7.98,571,3720
2/26/2015 20:12,6.45,11.42,3.9,7.99,572,3680
2/26/2015 20:17,6.42,11.4,3.7,7.98,572,3630
2/26/2015 20:22,6.41,11.43,3.6,7.98,572,3580
2/26/2015 20:27,6.4,11.42,3.8,7.99,571,3500
2/26/2015 20:32,6.43,11.43,4,8,571,3400
2/26/2015 20:37,6.49,11.4,4.1,8.01,570,3320
2/26/2015 20:42,6.53,11.42,3.9,8.03,570,3260
2/26/2015 20:47,6.56,11.39,3.5,8.03,570,3230
2/26/2015 20:52,6.54,11.35,3.5,8.02,570,3230
2/26/2015 20:57,6.52,11.4,3.4,8.02,570,3220
2/26/2015 21:02,6.48,11.4,3.2,8.01,571,3210
2/26/2015 21:07,6.44,11.44,3,8.01,571,3200
2/26/2015 21:12,6.42,11.42,2.9,8.01,571,3160
2/26/2015 21:17,6.41,11.49,2.8,8.01,571,3140
2/26/2015 21:22,6.37,11.5,2.7,8.01,571,3110
2/26/2015 21:27,6.36,11.46,2.5,8.01,571,3070
2/26/2015 21:32,6.35,11.52,2.3,8.01,571,3040
2/26/2015 21:37,6.33,11.51,2.3,8.01,571,3000
2/26/2015 21:42,6.32,11.51,2.1,8.01,571,2970
2/26/2015 21:47,6.32,11.48,2,8.02,571,2930
2/26/2015 21:52,6.31,11.52,1.8,8.02,572,2900
2/26/2015 21:57,6.3,11.55,1.8,8.02,572,2870
2/26/2015 22:02,6.29,11.58,1.7,8.02,572,2840
2/26/2015 22:07,6.28,11.54,1.7,8.03,572,2810
2/26/2015 22:12,6.26,11.57,1.6,8.02,572,2780
2/26/2015 22:17,6.27,11.55,1.6,8.03,572,2740
2/26/2015 22:22,6.27,11.61,1.5,8.03,572,2720
2/26/2015 22:27,6.27,11.61,1.5,8.03,572,2680
2/26/2015 22:32,6.26,11.63,1.3,8.03,572,2660
2/26/2015 22:37,6.25,11.59,1.2,8.04,572,2630
2/26/2015 22:42,6.25,11.61,1.2,8.04,572,2610
2/26/2015 22:47,6.23,11.64,1.3,8.04,572,2580
2/26/2015 22:52,6.23,11.62,1.2,8.04,572,2550
2/26/2015 22:57,6.22,11.64,1.1,8.04,572,2530
2/26/2015 23:02,6.21,11.62,1.1,8.05,572,2510
2/26/2015 23:07,6.22,11.65,1,8.05,572,2480
2/26/2015 23:12,6.21,11.62,0.9,8.05,572,2460
2/26/2015 23:17,6.21,11.63,0.9,8.05,572,2420
2/26/2015 23:22,6.23,11.69,1,8.06,572,2370
2/26/2015 23:27,6.27,11.67,0.9,8.07,572,2340
2/26/2015 23:32,6.32,11.64,0.9,8.08,572,2310
2/26/2015 23:37,6.31,11.66,0.8,8.08,572,2310
2/26/2015 23:42,6.29,11.6,0.4,8.07,571,2300
2/26/2015 23:47,6.27,11.69,0.6,8.07,572,2290
2/26/2015 23:52,6.25,11.71,0.4,8.07,572,2290
2/26/2015 23:57,6.24,11.74,0.5,8.07,572,2270
2/27/2015 0:02,6.23,11.76,0.4,8.07,572,2260
2/27/2015 0:07,6.22,11.74,0.4,8.07,573,2240
2/27/2015 0:12,6.22,11.73,0.3,8.07,573,2230
2/27/2015 0:17,6.22,11.74,0.3,8.07,573,2210
2/27/2015 0:22,6.21,11.77,0.3,8.01,573,2190
2/27/2015 0:27,6.22,11.77,0.3,8.07,573,2180
2/27/2015 0:32,6.22,11.76,0.3,8.07,573,2160
2/27/2015 0:37,6.23,11.74,0.3,8.08,573,2130
2/27/2015 0:42,6.28,11.73,0.3,8.09,573,2090
2/27/2015 0:47,6.37,11.73,0.4,8.1,572,2050
2/27/2015 0:52,6.41,11.68,0.2,8.1,572,2050
2/27/2015 0:57,6.4,11.68,0.2,8.1,572,2040
2/27/2015 1:02,6.39,11.7,0.2,8.11,573,2040
2/27/2015 1:07,6.35,11.77,0.1,8.1,573,2040
2/27/2015 1:12,6.32,11.74,0.1,8.09,573,2040
2/27/2015 1:17,6.29,11.75,0.1,8.09,573,2040
2/27/2015 1:22,6.27,11.77,0,8.09,574,2030
2/27/2015 1:27,6.25,11.75,0,8.09,574,2020
2/27/2015 1:32,6.24,11.77,0,8.09,574,2010
2/27/2015 1:37,6.23,11.8,0,8.09,574,2000
2/27/2015 1:42,6.2,11.8,0,8.09,574,1990
2/27/2015 1:47,6.21,11.81,0,8.1,574,1980
2/27/2015 1:52,6.18,11.8,0,8.1,575,1980
2/27/2015 1:57,6.17,11.84,0,8.09,575,1960
2/27/2015 2:02,6.15,11.83,0,8.06,575,1950
2/27/2015 2:07,6.13,11.82,0,8.1,575,1950
2/27/2015 2:12,6.12,11.8,0,8.1,575,1940
2/27/2015 2:17,6.11,11.89,0,8.1,575,1930
2/27/2015 2:22,6.1,11.85,0,8.11,576,1920
2/27/2015 2:27,6.09,11.85,0,8.1,576,1920
2/27/2015 2:32,6.08,11.9,0,8.1,576,1910
2/27/2015 2:37,6.12,11.82,0,8.1,576,1900
2/27/2015 2:42,6.12,11.86,0,8.11,576,1890
2/27/2015 2:47,6.11,11.85,0,8.1,576,1890
2/27/2015 2:52,6.09,11.88,0,8.1,576,1880
2/27/2015 2:57,6.07,11.86,0,8.11,577,1870
2/27/2015 3:02,6.07,11.9,0,8.11,577,1860
2/27/2015 3:07,6.05,11.89,0.1,8.11,577,1860
2/27/2015 3:12,6.03,11.87,0.3,8.11,577,1850
2/27/2015 3:17,6.01,11.94,0.3,8.11,577,1840
2/27/2015 3:22,5.98,11.96,0.5,8.11,577,1830
2/27/2015 3:27,5.99,11.91,0.8,8.11,577,1810
2/27/2015 3:32,6.02,11.89,0.6,8.13,577,1790
2/27/2015 3:37,6.1,11.87,0.5,8.13,577,1770
2/27/2015 3:42,6.16,11.88,0.4,8.14,577,1750
2/27/2015 3:47,6.21,11.84,0,8.14,577,1740
2/27/2015 3:52,6.27,11.83,0,8.15,576,1720
2/27/2015 3:57,6.29,11.87,0,8.16,576,1720
2/27/2015 4:02,6.31,11.82,0,8.16,576,1710
2/27/2015 4:07,6.32,11.8,0,8.16,576,1710
2/27/2015 4:12,6.26,11.84,0,8.15,577,1720
2/27/2015 4:17,6.2,11.88,0,8.14,577,1730
2/27/2015 4:22,6.11,11.9,0,8.14,577,1740
2/27/2015 4:27,6.05,11.94,0,8.13,578,1740
2/27/2015 4:32,5.99,11.94,0,8.13,578,1740
2/27/2015 4:37,5.96,11.98,0,8.12,578,1740
2/27/2015 4:42,5.91,11.97,0,8.12,579,1740
2/27/2015 4:47,5.88,12,0,8.12,579,1740
2/27/2015 4:52,5.84,11.99,0,8.12,579,1730
2/27/2015 4:57,5.83,12.03,0,8.12,579,1720
2/27/2015 5:02,5.79,11.99,0,8.12,580,1720
2/27/2015 5:07,5.77,12.02,0,8.12,580,1720
2/27/2015 5:12,5.75,12.05,0,8.12,580,1710
2/27/2015 5:17,5.73,12.06,0,8.13,580,1710
2/27/2015 5:22,5.7,12.08,0,8.13,580,1710
2/27/2015 5:27,5.69,12.06,0,8.13,580,1700
2/27/2015 5:32,5.67,12.08,0,8.12,580,1700
2/27/2015 5:37,5.67,12.06,0,8.13,581,1700
2/27/2015 5:42,5.66,12.07,0,8.13,581,1690
2/27/2015 5:47,5.68,12.09,0,8.14,581,1690
2/27/2015 5:52,5.66,12.06,0,8.13,581,1690
2/27/2015 5:57,5.63,12.09,0,8.14,581,1680
2/27/2015 6:02,5.63,12.08,0,8.13,581,1680
2/27/2015 6:07,5.63,12.09,0,8.13,582,1670
2/27/2015 6:12,5.59,12.12,0,8.14,582,1670
2/27/2015 6:17,5.6,12.13,0,8.13,582,1670
2/27/2015 6:22,5.58,12.13,0,8.14,582,1660
2/27/2015 6:27,5.58,12.13,0,8.14,582,1660
2/27/2015 6:32,5.57,12.14,0,8.13,582,1660
2/27/2015 6:37,5.55,12.18,0,8.14,582,1660
2/27/2015 6:42,5.53,12.18,0,8.14,583,1650
2/27/2015 6:47,5.52,12.16,0,8.14,583,1650
2/27/2015 6:52,5.51,12.17,0,8.14,583,1650
2/27/2015 6:57,5.49,12.18,0,8.14,583,1640
2/27/2015 7:02,5.49,12.21,0,8.14,583,1640
2/27/2015 7:07,5.46,12.2,0,8.14,583,1640
2/27/2015 7:12,5.45,12.14,0,8.14,583,1640
2/27/2015 7:17,5.42,12.21,0,8.14,583,1630
2/27/2015 7:22,5.41,12.22,0,8.14,583,1630
2/27/2015 7:27,5.4,12.23,0,8.14,584,1630
2/27/2015 7:32,5.41,12.22,0,8.14,583,1630
2/27/2015 7:37,5.4,12.26,0,8.15,583,1620
2/27/2015 7:42,5.39,12.31,0,8.15,583,1620
2/27/2015 7:47,5.38,12.09,0,8.15,583,1620
2/27/2015 7:52,5.39,12.21,0,8.15,583,1620
2/27/2015 7:57,5.37,12.34,0,8.15,583,1620
2/27/2015 8:02,5.39,12.31,0,8.15,583,1610
2/27/2015 8:07,5.37,12.33,0,8.15,583,1610
2/27/2015 8:12,5.37,12.36,0,8.15,583,1610
2/27/2015 8:17,5.36,12.39,0,8.15,583,1610
2/27/2015 8:22,5.36,12.37,0,8.16,584,1610
2/27/2015 8:27,5.36,12.36,0,8.16,584,1610
2/27/2015 8:32,5.36,12.39,0,8.16,584,1610
2/27/2015 8:37,5.36,12.42,0,8.16,584,1600
2/27/2015 8:42,5.35,12.46,0,8.16,584,1600
2/27/2015 8:47,5.33,12.46,0,8.16,584,1600
2/27/2015 8:52,5.35,12.45,0,8.16,584,1600
2/27/2015 8:57,5.33,12.51,0,8.17,584,1590
2/27/2015 9:02,5.33,12.48,0,8.17,584,1590
2/27/2015 9:07,5.32,12.48,0,8.17,584,1590
2/27/2015 9:12,5.29,12.53,0,8.17,584,1590
2/27/2015 9:17,5.33,12.5,0,8.18,584,1580
2/27/2015 9:22,5.38,12.56,0,8.18,584,1570
2/27/2015 9:27,5.47,12.53,0,8.19,583,1560
2/27/2015 9:32,5.52,12.53,0,8.2,583,1560
2/27/2015 9:37,5.57,12.44,0,8.21,582,1550
2/27/2015 9:42,5.57,12.51,0,8.2,582,1560
2/27/2015 9:47,5.57,12.56,0,8.2,582,1560
2/27/2015 9:52,5.54,12.61,0,8.19,583,1560
2/27/2015 9:57,5.55,12.58,0,8.19,583,1560
2/27/2015 10:02,5.54,12.61,0,8.19,583,1570
2/27/2015 10:07,5.59,12.61,0,8.19,583,1570
2/27/2015 10:12,5.62,12.65,0,8.2,583,1570
2/27/2015 10:17,5.65,12.64,0,8.2,582,1570
2/27/2015 10:22,5.66,12.67,0,8.2,582,1570
2/27/2015 10:27,5.69,12.7,0,8.21,582,1570
2/27/2015 10:32,5.7,12.7,0,8.2,582,1560
2/27/2015 10:37,5.69,12.66,0,8.2,582,1560
2/27/2015 10:42,5.72,12.65,0,8.21,582,1560
2/27/2015 10:47,5.74,12.63,0,8.2,582,1550
2/27/2015 10:52,5.79,12.65,0,8.2,582,1550
2/27/2015 10:57,5.78,12.61,0,8.21,582,1560
2/27/2015 11:02,5.82,12.62,0,8.21,582,1550
2/27/2015 11:07,5.88,12.71,0.2,8.21,582,1560
2/27/2015 11:12,5.91,12.68,0.3,8.21,582,1570
2/27/2015 11:17,5.92,12.66,0.5,8.21,582,1570
2/27/2015 11:22,5.95,12.62,0.7,8.21,582,1570
2/27/2015 11:27,5.99,12.64,0.9,8.21,582,1570
2/27/2015 11:32,5.99,12.56,1.1,8.21,581,1560
2/27/2015 11:37,6.01,12.66,1.3,8.21,581,1560
2/27/2015 11:42,6.01,12.67,1.6,8.22,581,1560
2/27/2015 11:47,6.02,12.64,1.9,8.21,581,1560
2/27/2015 11:52,6.02,12.66,2.6,8.22,581,1560
2/27/2015 11:57,6.08,12.66,3.7,8.22,581,1560
2/27/2015 12:02,6.14,12.67,4.7,8.22,581,1560
2/27/2015 12:07,6.15,12.67,5.7,8.21,580,1560
2/27/2015 12:12,6.17,12.64,6.7,8.21,580,1570
2/27/2015 12:17,6.21,12.62,7.4,8.2,580,1560
2/27/2015 12:22,6.25,12.63,8.3,8.21,580,1560
2/27/2015 12:27,6.29,12.65,9.4,8.21,580,1550
2/27/2015 12:32,6.33,12.65,12.3,8.22,580,1550
2/27/2015 12:37,6.36,12.42,15.9,8.22,579,1540
2/27/2015 12:42,6.39,12.6,17.5,8.22,579,1540
2/27/2015 12:47,6.45,12.62,17.4,8.23,579,1530
2/27/2015 12:52,6.49,12.6,16.6,8.22,578,1520
2/27/2015 12:57,6.58,12.57,17.4,8.22,578,1510
2/27/2015 13:02,6.62,12.58,18.1,8.23,578,1510
2/27/2015 13:07,6.65,12.59,19.2,8.23,578,1510
2/27/2015 13:12,6.63,12.58,20.6,8.24,577,1500
2/27/2015 13:17,6.61,12.59,21.5,8.23,577,1510
2/27/2015 13:22,6.66,12.56,22.4,8.22,577,1530
2/27/2015 13:27,6.69,12.53,23.9,8.21,577,1550
2/27/2015 13:32,6.74,12.53,37.6,8.21,578,1560
2/27/2015 13:37,6.76,12.52,31.2,8.2,578,1560
2/27/2015 13:42,6.78,12.52,29.7,8.2,577,1560
2/27/2015 13:47,6.8,12.53,23.7,8.2,577,1560
2/27/2015 13:52,6.82,12.57,23.1,8.2,577,1560
2/27/2015 13:57,6.84,12.56,22.5,8.2,577,1560
2/27/2015 14:02,6.86,12.57,21.4,8.2,577,1560
2/27/2015 14:07,6.87,12.54,20.4,8.2,577,1550
2/27/2015 14:12,6.87,12.6,19.6,8.21,577,1560
2/27/2015 14:17,6.85,12.53,19.3,8.21,577,1560
2/27/2015 14:22,6.85,12.58,19.3,8.21,577,1560
2/27/2015 14:27,6.87,12.56,19.9,8.21,576,1560
2/27/2015 14:32,6.86,12.57,20.2,8.21,576,1560
2/27/2015 14:37,6.85,12.54,20.3,8.21,576,1560
2/27/2015 14:42,6.84,12.53,20.9,8.22,576,1560
2/27/2015 14:47,6.85,12.59,22.8,8.21,576,1560
2/27/2015 14:52,6.84,12.55,21.8,8.21,576,1560
2/27/2015 14:57,6.85,12.56,22.3,8.21,576,1560
2/27/2015 15:02,6.88,12.54,22.9,8.2,576,1560
2/27/2015 15:07,6.9,12.55,23.2,8.21,576,1560
2/27/2015 15:12,6.9,12.59,24,8.21,575,1550
2/27/2015 15:17,6.93,12.53,24.9,8.23,575,1540
2/27/2015 15:22,6.97,12.5,24.6,8.24,574,1530
2/27/2015 15:27,7,12.43,24.2,8.25,574,1520
2/27/2015 15:32,7.02,12.46,23.7,8.24,574,1520
2/27/2015 15:37,6.99,12.5,23.2,8.24,574,1530
2/27/2015 15:42,6.95,12.45,22.7,8.22,574,1540
2/27/2015 15:47,6.9,12.52,21.5,8.21,574,1550
2/27/2015 15:52,6.89,12.55,21.2,8.21,575,1550
2/27/2015 15:57,6.87,12.56,21.1,8.2,575,1560
2/27/2015 16:02,6.89,12.52,20.4,8.2,575,1560
2/27/2015 16:07,6.87,12.55,20.5,8.21,575,1560
2/27/2015 16:12,6.85,12.53,20,8.2,575,1560
2/27/2015 16:17,6.82,12.51,19.4,8.2,575,1560
2/27/2015 16:22,6.81,12.51,18.7,8.21,575,1570
2/27/2015 16:27,6.79,12.5,17.5,8.2,575,1570
2/27/2015 16:32,6.74,12.5,16.8,8.2,575,1570
2/27/2015 16:37,6.72,12.35,16.2,8.2,575,1580
2/27/2015 16:42,6.69,12.47,15.6,8.2,575,1580
2/27/2015 16:47,6.64,12.48,14.4,8.19,576,1590
2/27/2015 16:52,6.64,12.42,14.2,8.19,576,1590
2/27/2015 16:57,6.61,12.46,14,8.18,576,1590
2/27/2015 17:02,6.59,12.39,13.5,8.18,576,1600
2/27/2015 17:07,6.55,12.4,12.9,8.18,577,1600
2/27/2015 17:12,6.54,12.38,12.1,8.17,577,1610
2/27/2015 17:17,6.52,12.33,11.6,8.16,577,1610
2/27/2015 17:22,6.48,12.32,11.1,8.16,577,1620
2/27/2015 17:27,6.45,12.35,10.6,8.15,578,1620
2/27/2015 17:32,6.41,12.31,10,8.15,578,1630
2/27/2015 17:37,6.35,12.32,9.6,8.14,578,1630
2/27/2015 17:42,6.32,12.28,9.1,8.14,579,1640
2/27/2015 17:47,6.27,12.28,8.2,8.13,579,1640
2/27/2015 17:52,6.24,12.24,7.7,8.13,580,1640
2/27/2015 17:57,6.21,12.28,7.7,8.13,580,1640
2/27/2015 18:02,6.18,12.2,7.7,8.13,580,1630
2/27/2015 18:07,6.15,12.19,8.1,8.13,580,1620
2/27/2015 18:12,6.13,12.17,8.1,8.13,580,1630
2/27/2015 18:17,6.1,12.15,7.6,8.07,580,1630
2/27/2015 18:22,6.09,12.18,7.1,8.12,581,1640
2/27/2015 18:27,6.06,12.2,6.5,8.11,581,1640
2/27/2015 18:32,6.04,12.09,6.1,8.12,582,1640
2/27/2015 18:37,6.02,12.13,5.6,8.11,582,1650
2/27/2015 18:42,6,12.13,5.1,8.1,582,1650
2/27/2015 18:47,5.95,11.96,4.5,8.1,583,1650
2/27/2015 18:52,5.94,12.17,4.5,8.1,583,1650
2/27/2015 18:57,5.94,12.12,4.4,8.09,583,1650
2/27/2015 19:02,5.94,12.1,4.1,8.1,584,1650
2/27/2015 19:07,5.92,12.09,3.9,8.09,584,1650
2/27/2015 19:12,5.97,12.09,3.7,8.09,584,1640
2/27/2015 19:17,5.97,12.08,3.6,8.09,584,1640
2/27/2015 19:22,6,12.03,3.4,8.09,584,1650
2/27/2015 19:27,5.97,12.07,3.3,8.08,585,1640
2/27/2015 19:32,5.94,12.04,3.6,8.08,585,1630
2/27/2015 19:37,5.95,12.02,4.1,8.09,585,1620
2/27/2015 19:42,5.96,12.02,4.2,8.1,585,1610
2/27/2015 19:47,5.96,12.01,4.1,8.1,585,1600
2/27/2015 19:52,5.96,12.01,3.7,8.1,585,1600
2/27/2015 19:57,5.93,12.03,3.9,8.1,585,1600
2/27/2015 20:02,5.89,11.99,4.1,8.1,585,1610
2/27/2015 20:07,5.88,12.03,4.2,8.09,585,1610
2/27/2015 20:12,5.87,12.01,4,8.09,586,1610
2/27/2015 20:17,5.86,12,3.8,8.08,586,1610
2/27/2015 20:22,5.86,12.01,3.7,8.08,586,1600
2/27/2015 20:27,5.86,12,3.8,8.08,586,1600
2/27/2015 20:32,5.86,12.05,3.8,8.08,586,1590
2/27/2015 20:37,5.88,12.03,4,8.08,587,1580
2/27/2015 20:42,5.86,12,3.8,8.08,587,1580
2/27/2015 20:47,5.89,12.07,4.3,8.03,586,1560
2/27/2015 20:52,5.99,11.97,6.5,8.1,586,1540
2/27/2015 20:57,6.11,11.98,6.2,8.1,586,1530
2/27/2015 21:02,6.21,11.93,5.5,8.12,585,1510
2/27/2015 21:07,6.32,11.92,5,8.12,585,1500
2/27/2015 21:12,6.38,11.89,4.6,8.12,585,1500
2/27/2015 21:17,6.42,11.87,4.4,8.13,585,1490
2/27/2015 21:22,6.4,11.93,4.1,8.13,585,1490
2/27/2015 21:27,6.34,11.96,3.8,8.12,585,1500
2/27/2015 21:32,6.23,11.94,3.7,8.11,585,1510
2/27/2015 21:37,6.12,12,3.8,8.11,586,1510
2/27/2015 21:42,6.01,12.06,3.8,8.08,586,1520
2/27/2015 21:47,5.91,12.07,3.9,8.09,587,1510
2/27/2015 21:52,5.84,12.1,4.6,8.1,587,1520
2/27/2015 21:57,5.79,12.12,4.9,8.09,587,1510
2/27/2015 22:02,5.76,12.12,4.8,8.09,588,1510
2/27/2015 22:07,5.74,12.11,4.1,8.09,588,1510
2/27/2015 22:12,5.71,12.18,3.5,8.09,588,1500
2/27/2015 22:17,5.7,12.16,2.9,8.09,588,1500
2/27/2015 22:22,5.69,12.19,2.1,8.09,588,1490
2/27/2015 22:27,5.65,12.18,1.6,8.09,588,1490
2/27/2015 22:32,5.64,12.22,1.2,8.09,588,1490
2/27/2015 22:37,5.64,12.18,1,8.09,588,1480
2/27/2015 22:42,5.65,12.21,0.7,8.09,589,1480
2/27/2015 22:47,5.63,12.23,0.4,8.09,589,1480
2/27/2015 22:52,5.6,12.21,0.3,8.1,589,1480
2/27/2015 22:57,5.56,12.26,0.3,8.1,589,1470
2/27/2015 23:02,5.53,12.27,0.3,8.1,589,1470
2/27/2015 23:07,5.52,12.27,0.3,8.1,589,1470
2/27/2015 23:12,5.53,12.27,0.4,8.1,589,1470
2/27/2015 23:17,5.54,12.32,1,8.11,589,1460
2/27/2015 23:22,5.55,12.3,1,8.1,589,1460
2/27/2015 23:27,5.5,12.28,0.8,8.05,589,1460
2/27/2015 23:32,5.48,12.27,0.5,8.11,589,1460
2/27/2015 23:37,5.43,12.34,0,8.11,589,1460
2/27/2015 23:42,5.4,12.33,0.2,8.12,589,1450
2/27/2015 23:47,5.37,12.36,0,8.11,589,1434
2/27/2015 23:52,5.35,12.37,0,8.11,589,1431
2/27/2015 23:57,5.33,12.42,0,8.11,589,1430
2/28/2015 0:02,5.32,12.39,0,8.12,590,1427
2/28/2015 0:07,5.31,12.41,0,8.1,590,1426
2/28/2015 0:12,5.29,12.43,0,8.12,590,1423
2/28/2015 0:17,5.28,12.43,0,8.12,590,1422
2/28/2015 0:22,5.26,12.42,0,8.12,590,1420
2/28/2015 0:27,5.25,12.43,0,8.12,590,1419
2/28/2015 0:32,5.24,12.28,0,8.12,590,1417
2/28/2015 0:37,5.22,12.44,0,8.12,590,1415
2/28/2015 0:42,5.18,12.43,0,8.12,590,1414
2/28/2015 0:47,5.19,12.46,0,8.12,590,1412
2/28/2015 0:52,5.18,12.47,0,8.13,590,1410
2/28/2015 0:57,5.16,12.45,0,8.13,590,1408
2/28/2015 1:02,5.16,12.48,0,8.13,590,1408
2/28/2015 1:07,5.16,12.49,0,8.13,590,1406
2/28/2015 1:12,5.15,12.47,0,8.13,590,1405
2/28/2015 1:17,5.13,12.53,0,8.13,590,1404
2/28/2015 1:22,5.14,12.49,0,8.13,590,1403
2/28/2015 1:27,5.13,12.53,0,8.13,590,1404
2/28/2015 1:32,5.09,12.52,0,8.11,590,1416
2/28/2015 1:37,5.04,12.56,0,8.13,590,1434
2/28/2015 1:42,4.99,12.53,0,8.13,590,1448
2/28/2015 1:47,4.94,12.56,0,8.14,591,1460
2/28/2015 1:52,4.91,12.58,0,8.14,591,1466
2/28/2015 1:57,4.88,12.56,0,8.14,591,1470
2/28/2015 2:02,4.88,12.57,0,8.14,591,1474
2/28/2015 2:07,4.85,12.58,0,8.14,590,1475
2/28/2015 2:12,4.83,12.62,0,8.14,591,1475
2/28/2015 2:17,4.79,12.59,0,8.14,591,1477
2/28/2015 2:22,4.8,12.63,0,8.14,591,1476
2/28/2015 2:27,4.78,12.63,0,8.15,591,1477
2/28/2015 2:32,4.74,12.58,0,8.14,591,1476
2/28/2015 2:37,4.72,12.64,0,8.14,591,1475
2/28/2015 2:42,4.71,12.65,0,8.14,591,1474
2/28/2015 2:47,4.69,12.62,0,8.15,590,1474
2/28/2015 2:52,4.67,12.66,0,8.14,591,1473
2/28/2015 2:57,4.67,12.64,0,8.15,591,1472
2/28/2015 3:02,4.65,12.63,0,8.15,591,1471
2/28/2015 3:07,4.64,12.66,0,8.15,591,1471
2/28/2015 3:12,4.63,12.66,0,8.15,590,1470
2/28/2015 3:17,4.61,12.65,0,8.15,591,1471
2/28/2015 3:22,4.58,12.67,0,8.15,591,1468
2/28/2015 3:27,4.56,12.7,0,8.11,591,1467
2/28/2015 3:32,4.56,12.7,0,8.15,591,1465
2/28/2015 3:37,4.54,12.71,0,8.15,590,1458
2/28/2015 3:42,4.57,12.68,0,8.17,590,1450
2/28/2015 3:47,4.61,12.66,0,8.17,590,1446
2/28/2015 3:52,4.62,12.66,0,8.17,590,1445
2/28/2015 3:57,4.6,12.69,0,8.13,590,1447
2/28/2015 4:02,4.59,12.7,0,8.17,590,1448
2/28/2015 4:07,4.58,12.64,0,8.16,590,1450
2/28/2015 4:12,4.57,12.69,0,8.17,590,1452
2/28/2015 4:17,4.57,12.74,0,8.17,590,1453
2/28/2015 4:22,4.55,12.68,0,8.16,590,1455
2/28/2015 4:27,4.55,12.61,0,8.17,591,1454
2/28/2015 4:32,4.55,12.71,0,8.16,591,1453
2/28/2015 4:37,4.55,12.65,0,8.17,591,1450
2/28/2015 4:42,4.55,12.74,0,8.16,591,1450
2/28/2015 4:47,4.54,12.73,0,8.16,591,1449
2/28/2015 4:52,4.55,12.59,0,8.17,591,1450
2/28/2015 4:57,4.53,12.7,0,8.17,591,1449
2/28/2015 5:02,4.55,12.71,0,8.16,591,1448
2/28/2015 5:07,4.56,12.73,0,8.16,591,1449
2/28/2015 5:12,4.56,12.69,0,8.17,591,1448
2/28/2015 5:17,4.57,12.75,0,8.17,591,1448
2/28/2015 5:22,4.55,12.78,0,8.17,591,1448
2/28/2015 5:27,4.55,12.76,0,8.17,591,1447
2/28/2015 5:32,4.56,12.76,0,8.17,591,1446
2/28/2015 5:37,4.55,12.72,0,8.17,591,1445
2/28/2015 5:42,4.56,12.71,0,8.17,591,1445
2/28/2015 5:47,4.55,12.71,0,8.17,591,1444
2/28/2015 5:52,4.56,12.74,0,8.17,591,1443
2/28/2015 5:57,4.56,12.73,0,8.17,591,1442
2/28/2015 6:02,4.54,12.76,0,8.17,591,1442
2/28/2015 6:07,4.53,12.73,0,8.17,591,1441
2/28/2015 6:12,4.53,12.76,0,8.17,591,1440
2/28/2015 6:17,4.54,12.73,0,8.11,591,1440
2/28/2015 6:22,4.54,12.76,0,8.17,591,1439
2/28/2015 6:27,4.54,12.75,0,8.17,591,1438
2/28/2015 6:32,4.55,12.74,0,8.18,591,1438
2/28/2015 6:37,4.54,12.75,0,8.17,592,1437
2/28/2015 6:42,4.52,12.81,0,8.17,592,1436
2/28/2015 6:47,4.53,12.77,0,8.17,592,1435
2/28/2015 6:52,4.51,12.79,0,8.17,592,1435
2/28/2015 6:57,4.51,12.78,0,8.18,591,1433
2/28/2015 7:02,4.5,12.8,0,8.17,591,1433
2/28/2015 7:07,4.49,12.79,0,8.17,591,1432
2/28/2015 7:12,4.5,12.75,0,8.18,591,1432
2/28/2015 7:17,4.49,12.83,0,8.17,592,1430
2/28/2015 7:22,4.48,12.77,0,8.18,592,1430
2/28/2015 7:27,4.47,12.82,0,8.18,592,1428
2/28/2015 7:32,4.47,12.8,0,8.17,592,1427
2/28/2015 7:37,4.46,12.82,0.1,8.17,592,1426
2/28/2015 7:42,4.45,12.83,0.2,8.18,592,1425
2/28/2015 7:47,4.47,12.88,1.2,8.18,592,1425
2/28/2015 7:52,4.47,12.85,0.5,8.18,592,1424
2/28/2015 7:57,4.46,12.87,0.5,8.18,592,1423
2/28/2015 8:02,4.46,12.9,0.4,8.18,591,1421
2/28/2015 8:07,4.46,12.87,0.2,8.18,591,1420
2/28/2015 8:12,4.46,12.96,0,8.18,591,1419
2/28/2015 8:17,4.46,12.95,0,8.19,591,1418
2/28/2015 8:22,4.49,12.98,0,8.18,591,1416
2/28/2015 8:27,4.54,12.95,0,8.19,591,1411
2/28/2015 8:32,4.65,12.96,0,8.2,591,1402
2/28/2015 8:37,4.75,12.95,0,8.21,590,1393
2/28/2015 8:42,4.83,12.89,0,8.21,590,1386
2/28/2015 8:47,4.92,12.86,0,8.22,590,1377
2/28/2015 8:52,4.97,12.87,0,8.22,589,1373
2/28/2015 8:57,5.01,12.87,0,8.23,589,1370
2/28/2015 9:02,5.08,12.84,0,8.23,589,1366
2/28/2015 9:07,5.14,12.81,0,8.23,589,1369
2/28/2015 9:12,5.12,12.85,0,8.24,589,1376
2/28/2015 9:17,5.06,12.9,0,8.23,589,1383
2/28/2015 9:22,5.02,12.9,0,8.22,589,1386
2/28/2015 9:27,4.99,12.99,0,8.22,589,1390
2/28/2015 9:32,4.97,12.91,0,8.21,589,1392
2/28/2015 9:37,4.96,12.98,0,8.22,589,1393
2/28/2015 9:42,4.96,13.04,0,8.21,589,1395
2/28/2015 9:47,4.96,13.09,0,8.21,589,1395
2/28/2015 9:52,4.96,13.05,0,8.22,589,1394
2/28/2015 9:57,4.99,13.05,0,8.22,589,1394
2/28/2015 10:02,5.01,13.08,0,8.23,589,1394
2/28/2015 10:07,5.01,13.17,0,8.23,589,1393
2/28/2015 10:12,5.02,13.12,0,8.22,589,1392
2/28/2015 10:17,5.03,13.15,0,8.23,589,1392
2/28/2015 10:22,5.05,13.15,0,8.22,589,1391
2/28/2015 10:27,5.06,13.13,0,8.23,589,1391
2/28/2015 10:32,5.07,13.17,0,8.23,589,1389
2/28/2015 10:37,5.11,13.13,0,8.23,588,1389
2/28/2015 10:42,5.09,13.1,0,8.23,588,1388
2/28/2015 10:47,5.07,13.2,0,8.23,588,1387
2/28/2015 10:52,5.08,13.19,0,8.24,588,1385
2/28/2015 10:57,5.07,13.19,0,8.24,588,1385
2/28/2015 11:02,5.1,13.15,0,8.24,588,1386
2/28/2015 11:07,5.11,13.22,0,8.25,588,1384
2/28/2015 11:12,5.14,13.15,0,8.24,588,1384
2/28/2015 11:17,5.16,13.11,0,8.25,587,1382
2/28/2015 11:22,5.18,13.15,0,8.25,587,1381
2/28/2015 11:27,5.19,13.22,0,8.25,587,1380
2/28/2015 11:32,5.2,13.13,0,8.25,587,1380
2/28/2015 11:37,5.24,13.17,0,8.26,587,1379
2/28/2015 11:42,5.28,13.16,0,8.26,586,1378
2/28/2015 11:47,5.31,13.16,0,8.27,586,1378
2/28/2015 11:52,5.36,13.14,0,8.26,586,1378
2/28/2015 11:57,5.43,13.17,0,8.26,586,1377
2/28/2015 12:02,5.48,13.2,0,8.26,585,1376
2/28/2015 12:07,5.55,13.15,0,8.27,585,1375
2/28/2015 12:12,5.6,13.16,0,8.27,585,1376
2/28/2015 12:17,5.64,13.12,0,8.25,585,1375
2/28/2015 12:22,5.67,13.09,0,8.27,585,1374
2/28/2015 12:27,5.73,13.03,0,8.27,584,1375
2/28/2015 12:32,5.76,13.1,0,8.28,584,1374
2/28/2015 12:37,5.78,13.1,0,8.27,584,1374
2/28/2015 12:42,5.81,13.1,0,8.28,584,1373
2/28/2015 12:47,5.84,13.05,0.3,8.28,584,1372
2/28/2015 12:52,5.9,13.06,0.4,8.28,583,1369
2/28/2015 12:57,5.94,13.02,0.7,8.28,583,1367
2/28/2015 13:02,5.97,13.04,1,8.28,583,1366
2/28/2015 13:07,6,12.99,1.2,8.28,583,1364
2/28/2015 13:12,6.04,12.99,1.4,8.28,582,1361
2/28/2015 13:17,6.08,13,1.7,8.28,582,1360
2/28/2015 13:22,6.11,12.97,2,8.28,582,1358
2/28/2015 13:27,6.15,13,2.1,8.28,582,1357
2/28/2015 13:32,6.19,12.98,2.4,8.28,582,1358
2/28/2015 13:37,6.23,13.01,2.8,8.29,581,1358
2/28/2015 13:42,6.26,13.01,3.4,8.29,581,1358
2/28/2015 13:47,6.3,12.89,3.4,8.29,581,1360
2/28/2015 13:52,6.35,12.95,3.7,8.29,581,1357
2/28/2015 13:57,6.4,12.95,4.2,8.29,581,1357
2/28/2015 14:02,6.47,12.96,4.6,8.28,580,1360
2/28/2015 14:07,6.52,12.97,5.4,8.28,580,1364
2/28/2015 14:12,6.55,12.97,6.4,8.28,580,1361
2/28/2015 14:17,6.6,12.87,7.4,8.29,580,1356
2/28/2015 14:22,6.68,12.81,8.3,8.3,579,1346
2/28/2015 14:27,6.77,12.78,9.4,8.3,579,1335
2/28/2015 14:32,6.81,12.77,10,8.3,578,1331
2/28/2015 14:37,6.81,12.77,10.7,8.25,578,1330
2/28/2015 14:42,6.8,12.73,11.4,8.28,578,1330
2/28/2015 14:47,6.81,12.78,13.4,8.27,579,1331
2/28/2015 14:52,6.8,12.77,13.6,8.26,579,1333
2/28/2015 14:57,6.79,12.83,14.1,8.25,579,1337
2/28/2015 15:02,6.76,12.78,14.5,8.25,579,1338
2/28/2015 15:07,6.76,12.83,15.1,8.21,579,1338
2/28/2015 15:12,6.77,12.79,15.5,8.24,579,1339
2/28/2015 15:17,6.78,12.78,15.7,8.24,579,1339
2/28/2015 15:22,6.79,12.8,16.3,8.24,579,1338
2/28/2015 15:27,6.79,12.79,16.6,8.24,579,1335
2/28/2015 15:32,6.78,12.74,15.9,8.23,580,1331
2/28/2015 15:37,6.78,12.76,16.4,8.24,579,1325
2/28/2015 15:42,6.77,12.75,16.5,8.24,579,1320
2/28/2015 15:47,6.78,12.7,16.7,8.23,579,1315
2/28/2015 15:52,6.8,12.73,16.4,8.23,580,1312
2/28/2015 15:57,6.82,12.68,16,8.23,580,1307
2/28/2015 16:02,6.85,12.67,15.8,8.23,580,1303
2/28/2015 16:07,6.86,12.68,15.4,8.23,580,1302
2/28/2015 16:12,6.86,12.7,14.8,8.23,580,1299
2/28/2015 16:17,6.84,12.72,14.4,8.23,579,1290
2/28/2015 16:22,6.86,12.64,14.7,8.2,579,1283
2/28/2015 16:27,6.9,12.62,14.7,8.28,578,1280
2/28/2015 16:32,6.93,12.56,14.3,8.27,577,1281
2/28/2015 16:37,6.94,12.53,13.5,8.27,577,1287
2/28/2015 16:42,6.92,12.6,12.5,8.26,578,1292
2/28/2015 16:47,6.89,12.55,10.3,8.25,578,1296
2/28/2015 16:52,6.86,12.58,9.8,8.25,578,1299
2/28/2015 16:57,6.83,12.56,9.3,8.23,579,1300
2/28/2015 17:02,6.81,12.58,8.8,8.22,579,1302
2/28/2015 17:07,6.79,12.59,8.4,8.22,579,1302
2/28/2015 17:12,6.77,12.59,7.8,8.22,579,1303
2/28/2015 17:17,6.75,12.56,7.5,8.21,580,1305
2/28/2015 17:22,6.73,12.5,7.1,8.21,580,1306
2/28/2015 17:27,6.72,12.49,6.6,8.2,580,1307
2/28/2015 17:32,6.68,12.52,6.4,8.2,580,1309
2/28/2015 17:37,6.66,12.49,6,8.19,580,1309
2/28/2015 17:42,6.64,12.4,5.9,8.19,581,1311
2/28/2015 17:47,6.62,12.43,5.5,8.2,581,1312
2/28/2015 17:52,6.6,12.42,5.2,8.18,581,1314
2/28/2015 17:57,6.58,12.39,5.2,8.18,582,1315
2/28/2015 18:02,6.56,12.36,5,8.17,582,1316
2/28/2015 18:07,6.53,12.33,4.9,8.17,582,1318
2/28/2015 18:12,6.52,12.34,4.8,8.17,582,1318
2/28/2015 18:17,6.52,12.31,4.8,8.16,583,1319
2/28/2015 18:22,6.52,12.3,4.6,8.16,583,1320
2/28/2015 18:27,6.51,12.26,4.4,8.15,583,1320
2/28/2015 18:32,6.49,12.28,4.3,8.16,584,1322
2/28/2015 18:37,6.47,12.23,4.2,8.15,584,1322
2/28/2015 18:42,6.45,12.24,4.1,8.14,584,1323
2/28/2015 18:47,6.43,12.23,3.8,8.14,585,1324
2/28/2015 18:52,6.42,12.26,3.6,8.14,585,1325
2/28/2015 18:57,6.41,12.15,3.4,8.1,585,1325
2/28/2015 19:02,6.4,12.16,3.3,8.13,585,1325
2/28/2015 19:07,6.36,12.19,3.2,8.13,586,1323
2/28/2015 19:12,6.38,12.18,3.5,8.15,586,1319
2/28/2015 19:17,6.4,12.14,3.4,8.16,585,1315
2/28/2015 19:22,6.44,12.08,3.4,8.16,585,1312
2/28/2015 19:27,6.44,12.08,3.3,8.16,585,1313
2/28/2015 19:32,6.42,12.05,3.1,8.15,585,1316
2/28/2015 19:37,6.39,12.11,3.1,8.14,586,1320
2/28/2015 19:42,6.35,12.1,3.3,8.13,586,1323
2/28/2015 19:47,6.33,12.11,3.5,8.13,587,1325
2/28/2015 19:52,6.32,12.08,3.5,8.12,587,1327
2/28/2015 19:57,6.31,12.12,3.2,8.12,588,1328
2/28/2015 20:02,6.32,12.08,3,8.11,588,1330
2/28/2015 20:07,6.3,12.09,2.9,8.11,588,1329
2/28/2015 20:12,6.27,12.1,2.5,8.11,589,1329
2/28/2015 20:17,6.25,12.08,2.3,8.11,589,1329
2/28/2015 20:22,6.23,12.08,2.1,8.05,589,1329
2/28/2015 20:27,6.22,12.09,1.9,8.11,589,1328
2/28/2015 20:32,6.21,11.99,1.8,8.1,589,1327
2/28/2015 20:37,6.21,12.12,1.8,8.12,590,1320
2/28/2015 20:42,6.25,12.08,1.7,8.12,589,1315
2/28/2015 20:47,6.27,12.06,1.3,8.12,589,1312
2/28/2015 20:52,6.28,12.04,1.4,8.12,589,1313
2/28/2015 20:57,6.25,12,1.3,8.12,590,1314
2/28/2015 21:02,6.23,12.06,1.3,8.07,590,1316
2/28/2015 21:07,6.2,12.07,1.1,8.12,590,1319
2/28/2015 21:12,6.19,12.1,1,8.11,590,1320
2/28/2015 21:17,6.18,12.09,1,8.12,590,1321
2/28/2015 21:22,6.14,12.09,0.9,8.11,591,1320
2/28/2015 21:27,6.11,12.12,0.8,8.11,591,1322
2/28/2015 21:32,6.08,12.12,0.8,8.11,591,1321
2/28/2015 21:37,6.06,12.09,0.8,8.11,591,1320
2/28/2015 21:42,6.04,12.14,0.7,8.11,591,1319
2/28/2015 21:47,6.03,12.12,1.1,8.11,591,1319
2/28/2015 21:52,6.02,12.14,1.6,8.11,592,1319
2/28/2015 21:57,6.01,12.14,2,8.12,592,1319
2/28/2015 22:02,5.98,12.19,1.9,8.11,592,1319
2/28/2015 22:07,5.97,12.15,1.7,8.11,592,1318
2/28/2015 22:12,5.93,12.15,1.5,8.11,592,1319
2/28/2015 22:17,5.94,12.16,1.3,8.11,592,1317
2/28/2015 22:22,5.91,12.15,1,8.11,592,1318
2/28/2015 22:27,5.92,12.15,1.3,8.11,592,1319
2/28/2015 22:32,5.9,12.13,1.2,8.11,592,1317
2/28/2015 22:37,5.89,12.21,1.4,8.11,592,1317
2/28/2015 22:42,5.87,12.2,1.4,8.12,592,1316
2/28/2015 22:47,5.88,12.18,1.5,8.12,592,1312
2/28/2015 22:52,5.88,12.22,1,8.12,592,1310
2/28/2015 22:57,5.86,12.2,1,8.13,592,1312
2/28/2015 23:02,5.86,12.19,0.7,8.12,592,1312
2/28/2015 23:07,5.85,12.19,0.6,8.13,592,1313
2/28/2015 23:12,5.83,12.22,0.4,8.12,593,1314
2/28/2015 23:17,5.82,12.2,0.3,8.12,593,1315
2/28/2015 23:22,5.81,12.24,0.2,8.13,593,1316
2/28/2015 23:27,5.79,12.25,0.1,8.13,593,1317
2/28/2015 23:32,5.77,12.26,0,8.13,593,1316
2/28/2015 23:37,5.77,12.26,0,8.13,593,1316
2/28/2015 23:42,5.75,12.26,0,8.13,593,1316
2/28/2015 23:47,5.75,12.27,0,8.13,593,1316
2/28/2015 23:52,5.74,12.28,0,8.13,593,1315
2/28/2015 23:57,5.73,12.23,0,8.13,593,1314
